[
  {
    "_id": "58dd324ae8e5d30004e9f7aa",
    "submitted_date": "2017-03-30T16:28:58.964Z",
    "submitted_by_name": "Jill Jorgensen",
    "submitted_by_id": 104549270167342400000,
    "published_date": "2016-08-25T00:00:00.000Z",
    "author_lower_name": " muhammad uzair",
    "author_name": " Muhammad Uzair",
    "title_lower": "handling the challenge of shared state with ngrx/store in angular 2",
    "title": "Handling The Challenge Of Shared State With Ngrx/store In Angular 2",
    "url": "https://appendto.com/2016/08/handling-the-challenge-of-shared-state-with-ngrxstore-in-angular-2/",
    "version": "2+",
    "type": "Blog",
    "__v": 0,
    "status": "approved",
    "url_lower": "https://appendto.com/2016/08/handling-the-challenge-of-shared-state-with-ngrxstore-in-angular-2/",
    "rating": 0,
    "tags": ["ngrx", "state-management"]
  },
  {
    "_id": "58e55fa695fa350004ee37d6",
    "submitted_date": "2017-04-05T21:20:38.236Z",
    "submitted_by_name": "Mikael Morlund",
    "submitted_by_id": 112851878430249140000,
    "published_date": "2017-04-04T00:00:00.000Z",
    "author_lower_name": "mikael morlund",
    "author_name": "Mikael Morlund",
    "status": "approved",
    "title_lower": "88 angular snippets (typescript, html, ngrx, angular flex layout) updated for v2.4.11 & v4.0.0",
    "title": "88 Angular Snippets (TypeScript, Html, ngRx, Angular Flex Layout) Updated for v2.4.11 & v4.0.0",
    "url": "https://marketplace.visualstudio.com/items?itemname=mikael.angular-beastcode",
    "version": "2+",
    "type": "Other",
    "__v": 0,
    "url_lower": "https://marketplace.visualstudio.com/items?itemname=mikael.angular-beastcode",
    "rating": 0,
    "tags": ["vscode", "productivity"]
  },
  {
    "_id": "58e5e3c695fa350004ee37f3",
    "submitted_date": "2017-04-06T06:44:22.103Z",
    "submitted_by_name": "Kim Maida",
    "submitted_by_id": 102521772882979320000,
    "published_date": "2017-03-07T00:00:00.000Z",
    "author_lower_name": "kim maida",
    "author_name": "Kim Maida",
    "status": "approved",
    "title_lower": "managing state in angular with ngrx/store",
    "title": "Managing State in Angular with ngrx/store",
    "url": "https://auth0.com/blog/managing-state-in-angular-with-ngrx-store/",
    "version": "2+",
    "type": "Blog",
    "__v": 0,
    "url_lower": "https://auth0.com/blog/managing-state-in-angular-with-ngrx-store/",
    "rating": 0,
    "tags": ["ngrx", "state-management"]
  }
]
