[
  {
    "_id": "58dd324ae8e5d30004e9f7aa",
    "submitted_date": "2017-03-30T16:28:58.964Z",
    "submitted_by_name": "Jill Jorgensen",
    "submitted_by_id": 104549270167342400000,
    "published_date": "2016-08-25T00:00:00.000Z",
    "author_lower_name": " muhammad uzair",
    "author_name": " Muhammad Uzair",
    "title_lower": "handling the challenge of shared state with ngrx/store in angular 2",
    "title": "Handling The Challenge Of Shared State With Ngrx/store In Angular 2",
    "url": "https://appendto.com/2016/08/handling-the-challenge-of-shared-state-with-ngrxstore-in-angular-2/",
    "version": "2+",
    "type": "Blog",
    "__v": 0,
    "status": "approved",
    "url_lower": "https://appendto.com/2016/08/handling-the-challenge-of-shared-state-with-ngrxstore-in-angular-2/",
    "rating": 0,
    "tags": ["ngrx", "state-management"]
  },
  {
    "_id": "58e55fa695fa350004ee37d6",
    "submitted_date": "2017-04-05T21:20:38.236Z",
    "submitted_by_name": "Mikael Morlund",
    "submitted_by_id": 112851878430249140000,
    "published_date": "2017-04-04T00:00:00.000Z",
    "author_lower_name": "mikael morlund",
    "author_name": "Mikael Morlund",
    "status": "approved",
    "title_lower": "88 angular snippets (typescript, html, ngrx, angular flex layout) updated for v2.4.11 & v4.0.0",
    "title": "88 Angular Snippets (TypeScript, Html, ngRx, Angular Flex Layout) Updated for v2.4.11 & v4.0.0",
    "url": "https://marketplace.visualstudio.com/items?itemname=mikael.angular-beastcode",
    "version": "2+",
    "type": "Other",
    "__v": 0,
    "url_lower": "https://marketplace.visualstudio.com/items?itemname=mikael.angular-beastcode",
    "rating": 0,
    "tags": ["vscode", "productivity"]
  },
  {
    "_id": "58e5e3c695fa350004ee37f3",
    "submitted_date": "2017-04-06T06:44:22.103Z",
    "submitted_by_name": "Kim Maida",
    "submitted_by_id": 102521772882979320000,
    "published_date": "2017-03-07T00:00:00.000Z",
    "author_lower_name": "kim maida",
    "author_name": "Kim Maida",
    "status": "approved",
    "title_lower": "managing state in angular with ngrx/store",
    "title": "Managing State in Angular with ngrx/store",
    "url": "https://auth0.com/blog/managing-state-in-angular-with-ngrx-store/",
    "version": "2+",
    "type": "Blog",
    "__v": 0,
    "url_lower": "https://auth0.com/blog/managing-state-in-angular-with-ngrx-store/",
    "rating": 0,
    "tags": ["ngrx", "state-management"]
  },
  {
    "_id": "59088fd1d3f0e10004227b36",
    "submitted_date": "2017-05-02T13:55:29.886Z",
    "submitted_by_name": "Jill Jorgensen",
    "submitted_by_id": 104549270167342400000,
    "published_date": "2017-04-04T00:00:00.000Z",
    "author_lower_name": "brandon roberts",
    "author_name": "Brandon Roberts",
    "status": "approved",
    "url_lower": "https://www.youtube.com/watch?v=cyaahxhhxgk&index=46&list=ploetecp3dkcos_2cw205cfrgl-xp5jw4k",
    "title_lower": "from inactive to reactive with ngrx",
    "title": "From Inactive to Reactive with ngrx",
    "url": "https://www.youtube.com/watch?v=cyaAhXHhxgk&index=46&list=PLOETEcp3DkCoS_2cW205cfRGl-Xp5jw4K",
    "version": "2+",
    "type": "Video",
    "__v": 0,
    "rating": 0,
    "tags": ["ngrx", "redux", "ng-conf", "ng-conf-2017", "conference-talks"]
  },
  {
    "_id": "590b16c10314be00047efb1e",
    "submitted_date": "2017-05-04T11:55:45.188Z",
    "submitted_by_name": "Harris Brakmic",
    "submitted_by_id": 112116087643714360000,
    "published_date": "2017-04-11T04:00:00.000Z",
    "author_lower_name": "harris brakmic",
    "author_name": "Harris Brakmic",
    "status": "approved",
    "url_lower": "http://blog.brakmic.com/reactive-apps-with-angular-ngrx/",
    "title_lower": "reactive apps with angular & ngrx",
    "title": "Reactive apps with Angular & ngrx",
    "url": "http://blog.brakmic.com/reactive-apps-with-angular-ngrx/",
    "version": "2+",
    "type": "Blog",
    "__v": 0,
    "rating": 0,
    "tags": ["ngrx", "rxjs", "master-detail"]
  },
  {
    "_id": "590b8bdb0314be00047efb33",
    "submitted_date": "2017-05-04T20:15:23.555Z",
    "submitted_by_name": "Keith Stewart",
    "submitted_by_id": 100437672093036090000,
    "published_date": "2017-04-25T00:00:00.000Z",
    "author_lower_name": "netanel basal",
    "author_name": "Netanel Basal",
    "status": "approved",
    "url_lower": "https://netbasal.com/unit-test-your-ngrx-effects-in-angular-1bf2142dd459",
    "title_lower": "unit test your ngrx/effects in angular",
    "title": "Unit Test Your ngrx/effects in Angular",
    "url": "https://netbasal.com/unit-test-your-ngrx-effects-in-angular-1bf2142dd459",
    "version": "2+",
    "type": "Blog",
    "__v": 0,
    "rating": 0,
    "tags": ["ngrx", "testing", "unit-testing"]
  },
  {
    "_id": "5942abd3809ca3000410c785",
    "submitted_date": "2017-06-15T15:46:27.385Z",
    "submitted_by_name": "Joe Eames",
    "submitted_by_id": 102641583369299540000,
    "published_date": "2017-06-05T06:00:00.000Z",
    "author_lower_name": "brian troncone",
    "author_name": "Brian Troncone",
    "status": "approved",
    "url_lower": "https://gist.github.com/btroncone/a6e4347326749f938510",
    "title_lower": "comprehensive introduction to @ngrx/store",
    "title": "Comprehensive Introduction to @ngrx/store",
    "url": "https://gist.github.com/btroncone/a6e4347326749f938510",
    "version": "2+",
    "type": "Blog",
    "__v": 0,
    "rating": 0,
    "tags": ["state-management", "ngrx"]
  },
  {
    "_id": "59486cd20b11700004ee56fa",
    "submitted_date": "2017-06-20T00:31:14.767Z",
    "submitted_by_name": "Justin Schwartzenberger",
    "submitted_by_id": 105039402105484380000,
    "published_date": "2017-06-19T07:00:00.000Z",
    "author_lower_name": "justin schwartzenberger",
    "author_name": "Justin Schwartzenberger",
    "status": "approved",
    "url_lower": "https://blog.schwarty.com/using-ngrx-store-devtools-with-the-angular-cli-a3b5f88f12e9",
    "title_lower": "using ngrx store-devtools with the angular cli",
    "title": "Using ngrx store-devtools with the Angular CLI",
    "url": "https://blog.schwarty.com/using-ngrx-store-devtools-with-the-angular-cli-a3b5f88f12e9",
    "version": "2+",
    "type": "Blog",
    "__v": 0,
    "rating": 0,
    "tags": ["ngrx", "store-devtools", "cli"]
  },
  {
    "_id": "5950abfa3db37b0004828ba2",
    "submitted_date": "2017-06-26T06:38:50.139Z",
    "submitted_by_name": "Joe Eames",
    "submitted_by_id": 102641583369299540000,
    "published_date": "2017-05-03T00:00:00.000Z",
    "author_lower_name": "jesse sanders",
    "author_name": "Jesse Sanders",
    "status": "approved",
    "url_lower": "https://www.youtube.com/watch?v=lqi5cda0kj8",
    "title_lower": "ngrx (redux) deep dive",
    "title": "ngrx (Redux) Deep Dive",
    "url": "https://www.youtube.com/watch?v=lQi5cDA0Kj8",
    "version": "2+",
    "type": "Video",
    "__v": 0,
    "rating": 0,
    "tags": ["ngrx", "state-management", "redux"]
  },
  {
    "_id": "5950aca13db37b0004828ba5",
    "submitted_date": "2017-06-26T06:41:37.102Z",
    "submitted_by_name": "Joe Eames",
    "submitted_by_id": 102641583369299540000,
    "published_date": "2017-02-06T06:00:00.000Z",
    "author_lower_name": "brian troncone",
    "author_name": "Brian Troncone",
    "status": "approved",
    "url_lower": "https://egghead.io/lessons/angular-2-ngrx-store-in-10-minutes",
    "title_lower": "@ngrx/store in 10 minutes",
    "title": "@ngrx/store in 10 minutes",
    "url": "https://egghead.io/lessons/angular-2-ngrx-store-in-10-minutes",
    "version": "2+",
    "type": "Video",
    "__v": 0,
    "rating": 0,
    "tags": ["ngrx", "state-management", "redux"]
  },
  {
    "_id": "596813ece45b06000421ee86",
    "submitted_date": "2017-07-14T00:44:28.107Z",
    "submitted_by_name": "Keith Stewart",
    "submitted_by_id": 100437672093036090000,
    "published_date": "2017-07-13T05:00:00.000Z",
    "author_lower_name": "victor savkin",
    "author_name": "Victor Savkin",
    "status": "approved",
    "url_lower": "https://blog.nrwl.io/ngrx-patterns-and-techniques-f46126e2b1e5",
    "title_lower": "ngrx: patterns and techniques",
    "title": "NgRx: Patterns and Techniques",
    "url": "https://blog.nrwl.io/ngrx-patterns-and-techniques-f46126e2b1e5",
    "version": "2+",
    "type": "Blog",
    "__v": 0,
    "rating": 0,
    "tags": ["ngrx", "state-management"]
  },
  {
    "_id": "596a93ec0cb7f20004b57c0c",
    "submitted_date": "2017-07-15T22:15:08.346Z",
    "submitted_by_name": "Lance Finney",
    "submitted_by_id": 118126907642868580000,
    "published_date": "2017-07-15T00:00:00.000Z",
    "author_lower_name": "lance finney",
    "author_name": "Lance Finney",
    "status": "approved",
    "url_lower": "https://lmfinney.wordpress.com/2017/07/15/using-enums-to-reduce-boilerplate-in-ngrx/",
    "title_lower": "using enums to reduce boilerplate in ngrx",
    "title": "Using enums to reduce boilerplate in ngrx",
    "url": "https://lmfinney.wordpress.com/2017/07/15/using-enums-to-reduce-boilerplate-in-ngrx/",
    "version": "2+",
    "type": "Blog",
    "__v": 0,
    "rating": 0,
    "tags": ["ngrx"]
  },
  {
    "_id": "59eb8e18bcb89c00047348da",
    "submitted_date": "2017-10-21T18:12:40.398Z",
    "submitted_by_name": "Keith Stewart",
    "submitted_by_id": 100437672093036090000,
    "published_date": "2017-08-24T05:00:00.000Z",
    "author_lower_name": "todd motto",
    "author_name": "Todd Motto",
    "status": "approved",
    "url_lower": "https://toddmotto.com/preloading-ngrx-store-route-guards",
    "title_lower": "preloading ngrx/store with route guards",
    "title": "Preloading ngrx/store with Route Guards",
    "url": "https://toddmotto.com/preloading-ngrx-store-route-guards",
    "version": "2+",
    "type": "Blog",
    "__v": 0,
    "rating": 0,
    "tags": ["ngrx", "routing-guards"]
  },
  {
    "_id": "5a09e56845f5b900047ff665",
    "submitted_date": "2017-11-13T18:33:12.522Z",
    "submitted_by_name": "Seb Noel",
    "submitted_by_id": 115162144862468590000,
    "published_date": "2017-11-13T08:00:00.000Z",
    "author_lower_name": "alligator.io - mark p. kennedy",
    "author_name": "Alligator.io - Mark P. Kennedy",
    "status": "approved",
    "url_lower": "https://alligator.io/angular/title-updater/",
    "title_lower": "declarative title updater with angular and ngrx",
    "title": "Declarative Title Updater with Angular and ngrx",
    "url": "https://alligator.io/angular/title-updater/",
    "version": "2+",
    "type": "Blog",
    "__v": 0,
    "rating": 0,
    "tags": ["ngrx"]
  },
  {
    "_id": "5a1495821a189f0004336711",
    "submitted_date": "2017-11-21T21:07:14.944Z",
    "submitted_by_name": "Joe Eames",
    "submitted_by_id": 102641583369299540000,
    "published_date": "2017-10-27T06:00:00.000Z",
    "author_lower_name": "michael pearson",
    "author_name": "Michael Pearson",
    "status": "approved",
    "url_lower": "https://medium.com/@m3po22/stop-using-ngrx-effects-for-that-a6ccfe186399",
    "title_lower": "stop using ngrx/effects for that",
    "title": "Stop using ngrx/effects for that",
    "url": "https://medium.com/@m3po22/stop-using-ngrx-effects-for-that-a6ccfe186399",
    "version": "2+",
    "type": "Blog",
    "__v": 0,
    "rating": 0,
    "tags": ["ngrx", "ngrx-effects"]
  },
  {
    "_id": "5a14b81500c64d000477c3f7",
    "submitted_date": "2017-11-21T23:34:46.077Z",
    "submitted_by_name": "Joe Eames",
    "submitted_by_id": 102641583369299540000,
    "published_date": "2017-07-04T00:00:00.000Z",
    "author_lower_name": "netanel basal",
    "author_name": "Netanel Basal",
    "status": "approved",
    "url_lower": "https://netbasal.com/listening-for-actions-in-ngrx-store-a699206d2210",
    "title_lower": "listening for actions in @ngrx/store",
    "title": "Listening for Actions in @ngrx/store",
    "url": "https://netbasal.com/listening-for-actions-in-ngrx-store-a699206d2210",
    "version": "2+",
    "type": "Blog",
    "__v": 0,
    "rating": 0,
    "tags": ["ngrx", "ngrx-effects"]
  },
  {
    "_id": "5a14b97900c64d000477c3fe",
    "submitted_date": "2017-11-21T23:40:41.890Z",
    "submitted_by_name": "Joe Eames",
    "submitted_by_id": 102641583369299540000,
    "published_date": "2017-05-11T06:00:00.000Z",
    "author_lower_name": "netanel basal",
    "author_name": "Netanel Basal",
    "status": "approved",
    "url_lower": "https://netbasal.com/lazy-load-reducers-in-ngrx-version-4-295a626ef074",
    "title_lower": "lazy load reducers in ngrx version 4",
    "title": "Lazy Load Reducers in ngrx Version 4",
    "url": "https://netbasal.com/lazy-load-reducers-in-ngrx-version-4-295a626ef074",
    "version": "2+",
    "type": "Blog",
    "__v": 0,
    "rating": 0,
    "tags": ["ngrx", "state-management", "lazy-loading"]
  },
  {
    "_id": "5a14b9b600c64d000477c400",
    "submitted_date": "2017-11-21T23:41:42.998Z",
    "submitted_by_name": "Joe Eames",
    "submitted_by_id": 102641583369299540000,
    "published_date": "2017-05-01T06:00:00.000Z",
    "author_lower_name": "netanel basal",
    "author_name": "Netanel Basal",
    "status": "approved",
    "url_lower": "https://netbasal.com/implementing-a-meta-reducer-in-ngrx-store-4379d7e1020a",
    "title_lower": "implementing a meta-reducer in ngrx/store",
    "title": "Implementing a Meta-Reducer in ngrx/store",
    "url": "https://netbasal.com/implementing-a-meta-reducer-in-ngrx-store-4379d7e1020a",
    "version": "2+",
    "type": "Blog",
    "__v": 0,
    "rating": 0,
    "tags": ["ngrx", "state-management"]
  },
  {
    "_id": "5a153540e9d49f0004d07885",
    "submitted_date": "2017-11-22T08:28:48.186Z",
    "submitted_by_name": "Joe Eames",
    "submitted_by_id": 102641583369299540000,
    "published_date": "2017-08-29T06:00:00.000Z",
    "author_lower_name": "netanel basal",
    "author_name": "Netanel Basal",
    "status": "approved",
    "url_lower": "https://netbasal.com/lets-talk-about-select-and-reselect-in-ngrx-store-177a2f6045a8",
    "title_lower": "let’s talk about select and reselect in @ngrx/store",
    "title": "Let’s Talk About Select and Reselect in @ngrx/store",
    "url": "https://netbasal.com/lets-talk-about-select-and-reselect-in-ngrx-store-177a2f6045a8",
    "version": "2+",
    "type": "Blog",
    "__v": 0,
    "rating": 0,
    "tags": ["ngrx", "state-management"]
  },
  {
    "_id": "5a153728e9d49f0004d0788b",
    "submitted_date": "2017-11-22T08:36:56.886Z",
    "submitted_by_name": "Joe Eames",
    "submitted_by_id": 102641583369299540000,
    "published_date": "2017-07-21T06:00:00.000Z",
    "author_lower_name": "netanel basal",
    "author_name": "Netanel Basal",
    "status": "approved",
    "url_lower": "https://netbasal.com/connect-angular-forms-to-ngrx-store-c495d17e129",
    "title_lower": "connect angular forms to @ngrx/store",
    "title": "Connect Angular Forms to @ngrx/store",
    "url": "https://netbasal.com/connect-angular-forms-to-ngrx-store-c495d17e129",
    "version": "2+",
    "type": "Blog",
    "__v": 0,
    "rating": 0,
    "tags": ["forms", "ngrx", "state-management"]
  },
  {
    "_id": "5a1db96b1d96da00045a910c",
    "submitted_date": "2017-11-28T19:30:51.774Z",
    "submitted_by_name": "Joe Eames",
    "submitted_by_id": 102641583369299540000,
    "published_date": "2017-10-26T06:00:00.000Z",
    "author_lower_name": "alligator.io",
    "author_name": "Alligator.io",
    "status": "approved",
    "url_lower": "https://alligator.io/angular/ngrx-entity/",
    "title_lower": "using @ngrx/entity in angular to simplify store reducers",
    "title": "Using @ngrx/entity in Angular to Simplify Store Reducers",
    "url": "https://alligator.io/angular/ngrx-entity/",
    "version": "2+",
    "type": "Blog",
    "__v": 0,
    "rating": 0,
    "tags": ["ngrx", "ngrx-entity", "state-management"]
  },
  {
    "_id": "5a59480c88a50b0004813605",
    "submitted_date": "2018-01-12T23:43:08.066Z",
    "submitted_by_name": "Joe Eames",
    "submitted_by_id": 102641583369299540000,
    "published_date": "2017-10-19T00:00:00.000Z",
    "author_lower_name": "mike ryan",
    "author_name": "Mike Ryan",
    "status": "approved",
    "url_lower": "https://medium.com/ngrx/introducing-ngrx-entity-598176456e15",
    "title_lower": "introducing @ngrx/entity",
    "title": "Introducing @ngrx/entity",
    "url": "https://medium.com/ngrx/introducing-ngrx-entity-598176456e15",
    "version": "2+",
    "type": "Blog",
    "__v": 0,
    "rating": 0,
    "tags": ["ngrx-entity", "ngrx"]
  },
  {
    "_id": "5a5948fc88a50b0004813606",
    "submitted_date": "2018-01-12T23:47:08.472Z",
    "submitted_by_name": "Joe Eames",
    "submitted_by_id": 102641583369299540000,
    "published_date": "2017-11-29T00:00:00.000Z",
    "author_lower_name": "brian troncone",
    "author_name": "Brian Troncone",
    "status": "approved",
    "url_lower": "https://gist.github.com/btroncone/a6e4347326749f938510#the-sample-application",
    "title_lower": "comprehensive introduction to @ngrx/store",
    "title": "Comprehensive Introduction to @ngrx/store",
    "url": "https://gist.github.com/btroncone/a6e4347326749f938510#the-sample-application",
    "version": "2+",
    "type": "Blog",
    "__v": 0,
    "rating": 0,
    "tags": ["ngrx", "ngrx-store"]
  },
  {
    "_id": "5a59495288a50b0004813607",
    "submitted_date": "2018-01-12T23:48:35.053Z",
    "submitted_by_name": "Joe Eames",
    "submitted_by_id": 102641583369299540000,
    "published_date": "2017-07-01T00:00:00.000Z",
    "author_lower_name": "simon boissonneault-robert",
    "author_name": "Simon Boissonneault-robert",
    "status": "approved",
    "url_lower": "https://www.toptal.com/angular-js/ngrx-angular-reaction-application",
    "title_lower": "ngrx and angular 2 tutorial: building a reactive application",
    "title": "Ngrx and Angular 2 Tutorial: Building a Reactive Application",
    "url": "https://www.toptal.com/angular-js/ngrx-angular-reaction-application",
    "version": "2+",
    "type": "Blog",
    "__v": 0,
    "rating": 0,
    "tags": ["ngrx", "tutorial"]
  },
  {
    "_id": "5a6785e1001d110004dce2b6",
    "submitted_date": "2018-01-23T18:58:41.542Z",
    "submitted_by_name": "Joe Eames",
    "submitted_by_id": 102641583369299540000,
    "published_date": "2017-07-18T00:00:00.000Z",
    "author_lower_name": "rob wormald",
    "author_name": "Rob Wormald",
    "status": "approved",
    "url_lower": "https://blog.angular.io/announcing-ngrx-4-87df0eaa2806",
    "title_lower": "announcing ngrx 4",
    "title": "Announcing NgRx 4",
    "url": "https://blog.angular.io/announcing-ngrx-4-87df0eaa2806",
    "version": "2+",
    "type": "Blog",
    "__v": 0,
    "rating": 0,
    "tags": ["ngrx", "announcement"]
  },
  {
    "_id": "5a8c543c3dcf9600044859e3",
    "submitted_date": "2018-02-20T17:00:44.120Z",
    "submitted_by_name": "Joe Eames",
    "submitted_by_id": 102641583369299540000,
    "published_date": "2018-02-13T00:00:00.000Z",
    "author_lower_name": "brandon roberts",
    "author_name": "Brandon Roberts",
    "status": "approved",
    "url_lower": "https://medium.com/ngrx/ngrx-5-and-schematics-2d8cc3906506",
    "title_lower": "ngrx 5 and schematics",
    "title": "NgRx 5 and Schematics",
    "url": "https://medium.com/ngrx/ngrx-5-and-schematics-2d8cc3906506",
    "version": "2+",
    "type": "Blog",
    "__v": 0,
    "rating": 0,
    "tags": [
      "ngrx",
      "ngrx-store",
      "ngrx-effects",
      "ngrx-entity",
      "cli",
      "schematics",
      "store-devtools"
    ]
  },
  {
    "_id": "5a953561ae19f400043c9612",
    "submitted_date": "2018-02-27T10:39:30.009Z",
    "submitted_by_name": "Tomas Trajan",
    "submitted_by_id": 107601226461767710000,
    "published_date": "2018-02-26T11:00:00.000Z",
    "author_lower_name": "tomas trajan @tomastrajan",
    "author_name": "Tomas Trajan @tomastrajan",
    "status": "approved",
    "url_lower": "https://medium.com/@tomastrajan/object-assign-vs-object-spread-in-angular-ngrx-reducers-3d62ecb4a4b0",
    "title_lower": "object.assign() vs object spread { … } in angular ngrx reducers",
    "title": "Object.assign() vs Object Spread { … } In Angular Ngrx Reducers",
    "url": "https://medium.com/@tomastrajan/object-assign-vs-object-spread-in-angular-ngrx-reducers-3d62ecb4a4b0",
    "version": "2+",
    "type": "Blog",
    "__v": 0,
    "rating": 0,
    "tags": ["typescript", "ngrx", "reducer", "immutable", "state-management"]
  }
]
