{
  "index": "/index.html",
  "assetGroups": [
    {
      "name": "app",
      "installMode": "prefetch",
      "resources": {
        "files": ["/favicon.ico", "/index.html"],
        "versionedFiles": ["/*.bundle.css", "/*.bundle.js", "/*.chunk.js"]
      }
    },
    {
      "name": "assets",
      "installMode": "lazy",
      "updateMode": "prefetch",
      "resources": {
        "files": ["/assets/**"]
      }
    }
  ],
  "dataGroups": [{
    "name": "api-performance",
    "urls": [
      "/api/articles/**",
      "/api/tags/**",
      "/api/currentIdentity",
      "/api/auth/type",
      "api/articles/recent"
    ],
    "cacheConfig": {
      "strategy": "performance",
      "maxSize": 100,
      "maxAge": "3d"
    }
  }]
}

